name,think_tank,topic,email
Bonny Lin,CENTER FOR STRATEGIC AND INTERNATIONAL STUDIES (CSIS),China & Asia Program,
Matthew P. Funaiole,CENTER FOR STRATEGIC AND INTERNATIONAL STUDIES (CSIS),China & Asia Program,
Brian Hart,CENTER FOR STRATEGIC AND INTERNATIONAL STUDIES (CSIS),China & Asia Program,
Aidan Powers-Riggs,CENTER FOR STRATEGIC AND INTERNATIONAL STUDIES (CSIS),China & Asia Program,
Henrietta Levin,CENTER FOR STRATEGIC AND INTERNATIONAL STUDIES (CSIS),China & Asia Program,
Ryan C. Berg,CENTER FOR STRATEGIC AND INTERNATIONAL STUDIES (CSIS),China & Asia Program,
Dinny McMahon,CENTER FOR STRATEGIC AND INTERNATIONAL STUDIES (CSIS),China & Asia Program,
Andrew Polk,CENTER FOR STRATEGIC AND INTERNATIONAL STUDIES (CSIS),China & Asia Program,
Gregory C. Allen,CENTER FOR STRATEGIC AND INTERNATIONAL STUDIES (CSIS),Technology & AI,
Ryan Hass,BROOKINGS INSTITUTION,John L. Thornton China Center,
Patricia M. Kim,BROOKINGS INSTITUTION,John L. Thornton China Center,
Kyle Chan,BROOKINGS INSTITUTION,John L. Thornton China Center,
Richard C. Bush,BROOKINGS INSTITUTION,John L. Thornton China Center,
John Culver,BROOKINGS INSTITUTION,John L. Thornton China Center,
Jonathan A. Czin,BROOKINGS INSTITUTION,John L. Thornton China Center,
R. David Edelman,BROOKINGS INSTITUTION,John L. Thornton China Center,
Diana Fu,BROOKINGS INSTITUTION,John L. Thornton China Center,
Mary E. Gallagher,BROOKINGS INSTITUTION,John L. Thornton China Center,
Paul Gewirtz,BROOKINGS INSTITUTION,John L. Thornton China Center,
Jamie P. Horsley,BROOKINGS INSTITUTION,John L. Thornton China Center,
Yingyi Ma,BROOKINGS INSTITUTION,John L. Thornton China Center,
Evan Osnos,BROOKINGS INSTITUTION,John L. Thornton China Center,
Margaret M. Pearson,BROOKINGS INSTITUTION,John L. Thornton China Center,
Jonathan Stromseth,BROOKINGS INSTITUTION,John L. Thornton China Center,
Thomas J. Christensen,BROOKINGS INSTITUTION,John L. Thornton China Center,
Yun Sun,BROOKINGS INSTITUTION,John L. Thornton China Center,
Michael E. O'Hanlon,BROOKINGS INSTITUTION,Foreign Policy & National Security,
Robert Einhorn,BROOKINGS INSTITUTION,Foreign Policy & National Security,
Vanda Felbab-Brown,BROOKINGS INSTITUTION,Foreign Policy & National Security,
Daniel L. Byman,BROOKINGS INSTITUTION,Foreign Policy & National Security,
Madelyn R. Creedon,BROOKINGS INSTITUTION,Foreign Policy & National Security,
Kori Schake,AMERICAN ENTERPRISE INSTITUTE (AEI),Foreign & Defense Policy,
Dan Blumenthal,AMERICAN ENTERPRISE INSTITUTE (AEI),Foreign & Defense Policy,
Michael Beckley,AMERICAN ENTERPRISE INSTITUTE (AEI),Foreign & Defense Policy,
Mackenzie Eaglen,AMERICAN ENTERPRISE INSTITUTE (AEI),Foreign & Defense Policy,
Derek Scissors,AMERICAN ENTERPRISE INSTITUTE (AEI),Foreign & Defense Policy,
Elaine McCusker,AMERICAN ENTERPRISE INSTITUTE (AEI),Foreign & Defense Policy,
Giselle Donnelly,AMERICAN ENTERPRISE INSTITUTE (AEI),Foreign & Defense Policy,
Steve Yates,HERITAGE FOUNDATION,China & National Security,
Michael Pillsbury,HERITAGE FOUNDATION,China & National Security,
Jeff M. Smith,HERITAGE FOUNDATION,China & National Security,
Bryan Burack,HERITAGE FOUNDATION,China & National Security,
Andrew J. Harding,HERITAGE FOUNDATION,China & National Security,
James J. Carafano,HERITAGE FOUNDATION,National Defense,
Brent D. Sadler,HERITAGE FOUNDATION,National Defense,
Erin Walsh,HERITAGE FOUNDATION,National Defense,
Chad Wolf,HERITAGE FOUNDATION,National Defense,
Ken Cuccinelli,HERITAGE FOUNDATION,National Defense,
Mark Morgan,HERITAGE FOUNDATION,National Defense,
Miles Yu,HUDSON INSTITUTE,China Center,
Michael R. Pompeo,HUDSON INSTITUTE,China Center,
Colin Tessier-Kay,HUDSON INSTITUTE,China Center,
David Feith,HUDSON INSTITUTE,China Center,
Michael Solon,HUDSON INSTITUTE,China Center,
Nathan Simington,HUDSON INSTITUTE,China Center,
Robert Spalding,HUDSON INSTITUTE,China Center,
Rebeccah L. Heinrichs,HUDSON INSTITUTE,Defense & National Security,
H.R. McMaster,HUDSON INSTITUTE,Defense & National Security,
Patrick M. Cronin,HUDSON INSTITUTE,Defense & National Security,
Bryan Clark,HUDSON INSTITUTE,Defense & National Security,
Dan Patt,HUDSON INSTITUTE,Defense & National Security,
David Byrd,HUDSON INSTITUTE,Defense & National Security,
Jack David,HUDSON INSTITUTE,Defense & National Security,
Andrew F. Krepinevich Jr.,HUDSON INSTITUTE,Defense & National Security,
Timothy A. Walton,HUDSON INSTITUTE,Defense & National Security,
Nadia Schadlow,HUDSON INSTITUTE,Defense & National Security,
Michael Doran,HUDSON INSTITUTE,Middle East & Security,
Zineb Riboua,HUDSON INSTITUTE,Middle East & Security,
Cole Bunzel,HUDSON INSTITUTE,Middle East & Security,
Sebastian Gorka,HUDSON INSTITUTE,Middle East & Security,
Adam Hadley,HUDSON INSTITUTE,Middle East & Security,
Derek Harvey,HUDSON INSTITUTE,Middle East & Security,
Ludovic Hood,HUDSON INSTITUTE,Middle East & Security,
Michael Sobolik,HUDSON INSTITUTE,Middle East & Security,
Luke Coffey,HUDSON INSTITUTE,Europe & Eurasia,
John P. Walters,HUDSON INSTITUTE,Leadership,
Kenneth R. Weinstein,HUDSON INSTITUTE,Leadership,
Nikki R. Haley,HUDSON INSTITUTE,Leadership,
William P. Barr,HUDSON INSTITUTE,Leadership,
Elaine L. Chao,HUDSON INSTITUTE,Leadership,
Husain Haqqani,HUDSON INSTITUTE,Other Senior Fellows,
Nina Shea,HUDSON INSTITUTE,Other Senior Fellows,
John Lee,HUDSON INSTITUTE,Other Senior Fellows,
Jon Lerner,HUDSON INSTITUTE,Other Senior Fellows,
James J. Przystup,HUDSON INSTITUTE,Other Senior Fellows,
Abram N. Shulsky,HUDSON INSTITUTE,Other Senior Fellows,
Thomas J. Duesterberg,HUDSON INSTITUTE,Other Senior Fellows,
Douglas J. Feith,HUDSON INSTITUTE,Other Senior Fellows,
Brigham A. McCown,HUDSON INSTITUTE,Other Senior Fellows,
Robert M. McDowell,HUDSON INSTITUTE,Other Senior Fellows,
David W. Murray,HUDSON INSTITUTE,Other Senior Fellows,
Christopher R. O'Dea,HUDSON INSTITUTE,Other Senior Fellows,
Richard Fontaine,CENTER FOR A NEW AMERICAN SECURITY (CNAS),Full-Time Staff - Leadership,
Susanna V. Blume,CENTER FOR A NEW AMERICAN SECURITY (CNAS),Full-Time Staff - Leadership,
Robert O. Work,CENTER FOR A NEW AMERICAN SECURITY (CNAS),Full-Time Staff - Leadership,
Paul Scharre,CENTER FOR A NEW AMERICAN SECURITY (CNAS),Full-Time Staff - Leadership,
Lisa Curtis,CENTER FOR A NEW AMERICAN SECURITY (CNAS),Indo-Pacific Security & China,
Jacob Stokes,CENTER FOR A NEW AMERICAN SECURITY (CNAS),Indo-Pacific Security & China,
Liza Tobin,CENTER FOR A NEW AMERICAN SECURITY (CNAS),Indo-Pacific Security & China,
Elsa B. Kania,CENTER FOR A NEW AMERICAN SECURITY (CNAS),Indo-Pacific Security & China,
Dr. Duyeon Kim,CENTER FOR A NEW AMERICAN SECURITY (CNAS),Indo-Pacific Security & China,
Zack Cooper,CENTER FOR A NEW AMERICAN SECURITY (CNAS),Indo-Pacific Security & China,
Dr. Go Myong-Hyun,CENTER FOR A NEW AMERICAN SECURITY (CNAS),Indo-Pacific Security & China,
Patrick M. Cronin,CENTER FOR A NEW AMERICAN SECURITY (CNAS),Indo-Pacific Security & China,
Jude Blanchette,CENTER FOR A NEW AMERICAN SECURITY (CNAS),Indo-Pacific Security & China,
Michael Beckley,CENTER FOR A NEW AMERICAN SECURITY (CNAS),Indo-Pacific Security & China,
Hal Brands,CENTER FOR A NEW AMERICAN SECURITY (CNAS),Indo-Pacific Security & China,
Ryan Fedasiuk,CENTER FOR A NEW AMERICAN SECURITY (CNAS),Indo-Pacific Security & China,
Julia Gurganus,CENTER FOR A NEW AMERICAN SECURITY (CNAS),Indo-Pacific Security & China,
Jacob Helberg,CENTER FOR A NEW AMERICAN SECURITY (CNAS),Indo-Pacific Security & China,
Akira Igata,CENTER FOR A NEW AMERICAN SECURITY (CNAS),Indo-Pacific Security & China,
Dr. John Park,CENTER FOR A NEW AMERICAN SECURITY (CNAS),Indo-Pacific Security & China,
Jordan Schneider,CENTER FOR A NEW AMERICAN SECURITY (CNAS),Indo-Pacific Security & China,
Stacie Pettyjohn,CENTER FOR A NEW AMERICAN SECURITY (CNAS),Defense & National Security,
Becca Wasser,CENTER FOR A NEW AMERICAN SECURITY (CNAS),Defense & National Security,
"Dr. Andrew F. Krepinevich, Jr.",CENTER FOR A NEW AMERICAN SECURITY (CNAS),Defense & National Security,
"Lt. Gen. Robert Ashley, Jr. (Ret.)",CENTER FOR A NEW AMERICAN SECURITY (CNAS),Defense & National Security,
"LTG Anthony R. ""Tony"" Ierardi, USA (Ret.)",CENTER FOR A NEW AMERICAN SECURITY (CNAS),Defense & National Security,
Dr. Kyleanne Hunter,CENTER FOR A NEW AMERICAN SECURITY (CNAS),Defense & National Security,
Christopher D. Kolenda,CENTER FOR A NEW AMERICAN SECURITY (CNAS),Defense & National Security,
Hon. Robert F. Hale,CENTER FOR A NEW AMERICAN SECURITY (CNAS),Defense & National Security,
Tom Shugart,CENTER FOR A NEW AMERICAN SECURITY (CNAS),Defense & National Security,
Franz-Stefan Gady,CENTER FOR A NEW AMERICAN SECURITY (CNAS),Defense & National Security,
Vance Serchuk,CENTER FOR A NEW AMERICAN SECURITY (CNAS),Defense & National Security,
Andrea Kendall-Taylor,CENTER FOR A NEW AMERICAN SECURITY (CNAS),Transatlantic Security & Russia,
Heli Hautala,CENTER FOR A NEW AMERICAN SECURITY (CNAS),Transatlantic Security & Russia,
Dr. Maria Snegovaya,CENTER FOR A NEW AMERICAN SECURITY (CNAS),Transatlantic Security & Russia,
Jim Townsend,CENTER FOR A NEW AMERICAN SECURITY (CNAS),Transatlantic Security & Russia,
Jeffrey Edmonds,CENTER FOR A NEW AMERICAN SECURITY (CNAS),Transatlantic Security & Russia,
Richard Connolly,CENTER FOR A NEW AMERICAN SECURITY (CNAS),Transatlantic Security & Russia,
Samuel Bendett,CENTER FOR A NEW AMERICAN SECURITY (CNAS),Transatlantic Security & Russia,
Celeste Wallander,CENTER FOR A NEW AMERICAN SECURITY (CNAS),Transatlantic Security & Russia,
Carrie Cordero,CENTER FOR A NEW AMERICAN SECURITY (CNAS),Middle East Security,
Hadeia Amiry,CENTER FOR A NEW AMERICAN SECURITY (CNAS),Middle East Security,
Hamzeh Hadad,CENTER FOR A NEW AMERICAN SECURITY (CNAS),Middle East Security,
Adham Z. Sahloul,CENTER FOR A NEW AMERICAN SECURITY (CNAS),Middle East Security,
Paul Scharre,CENTER FOR A NEW AMERICAN SECURITY (CNAS),Technology & National Security,
Vivek Chilukuri,CENTER FOR A NEW AMERICAN SECURITY (CNAS),Technology & National Security,
Markus Anderljung,CENTER FOR A NEW AMERICAN SECURITY (CNAS),Technology & National Security,
Dr. Lynne E. Parker,CENTER FOR A NEW AMERICAN SECURITY (CNAS),Technology & National Security,
John (Jack) N.T. Shanahan,CENTER FOR A NEW AMERICAN SECURITY (CNAS),Technology & National Security,
Peter L. Levin,CENTER FOR A NEW AMERICAN SECURITY (CNAS),Technology & National Security,
Dr. Keegan McBride,CENTER FOR A NEW AMERICAN SECURITY (CNAS),Technology & National Security,
Ben Buchanan,CENTER FOR A NEW AMERICAN SECURITY (CNAS),Technology & National Security,
Gary Corn,CENTER FOR A NEW AMERICAN SECURITY (CNAS),Technology & National Security,
John Costello,CENTER FOR A NEW AMERICAN SECURITY (CNAS),Technology & National Security,
Geoffrey Gertz,CENTER FOR A NEW AMERICAN SECURITY (CNAS),"Energy, Economics & Security",
Emily Kilcrease,CENTER FOR A NEW AMERICAN SECURITY (CNAS),"Energy, Economics & Security",
Edward Fishman,CENTER FOR A NEW AMERICAN SECURITY (CNAS),"Energy, Economics & Security",
Michael Greenwald,CENTER FOR A NEW AMERICAN SECURITY (CNAS),"Energy, Economics & Security",
Steven Kosiak,CENTER FOR A NEW AMERICAN SECURITY (CNAS),"Energy, Economics & Security",
Catherine A. Novelli,CENTER FOR A NEW AMERICAN SECURITY (CNAS),"Energy, Economics & Security",
Rachel Ziemba,CENTER FOR A NEW AMERICAN SECURITY (CNAS),"Energy, Economics & Security",
Neil Bhatiya,CENTER FOR A NEW AMERICAN SECURITY (CNAS),"Energy, Economics & Security",
Christian Beckner,CENTER FOR A NEW AMERICAN SECURITY (CNAS),Cybersecurity & Technology Policy,
Katherine L. Kuzminski,CENTER FOR A NEW AMERICAN SECURITY (CNAS),National Security Human Capital,
CMSAF JoAnne Bass,CENTER FOR A NEW AMERICAN SECURITY (CNAS),National Security Human Capital,
Molly Campbell,CENTER FOR A NEW AMERICAN SECURITY (CNAS),Additional Senior Staff,
Carisa Nietsche,CENTER FOR A NEW AMERICAN SECURITY (CNAS),Additional Senior Staff,
Janet Egan,CENTER FOR A NEW AMERICAN SECURITY (CNAS),Additional Senior Staff,
Robert D. Kaplan,CENTER FOR A NEW AMERICAN SECURITY (CNAS),Distinguished Advisors (Board Members),
Wendy R. Anderson,CENTER FOR A NEW AMERICAN SECURITY (CNAS),Distinguished Advisors (Board Members),
Richard L. Armitage,CENTER FOR A NEW AMERICAN SECURITY (CNAS),Distinguished Advisors (Board Members),
Ursula M. Burns,CENTER FOR A NEW AMERICAN SECURITY (CNAS),Distinguished Advisors (Board Members),
LtCol Mary Hossier,CENTER FOR A NEW AMERICAN SECURITY (CNAS),Senior Military Fellows (Recent/Current),
LtCol Craig Schnappinger,CENTER FOR A NEW AMERICAN SECURITY (CNAS),Senior Military Fellows (Recent/Current),
CDR Andrew J. Adams,CENTER FOR A NEW AMERICAN SECURITY (CNAS),Senior Military Fellows (Recent/Current),
CDR Michael Borja,CENTER FOR A NEW AMERICAN SECURITY (CNAS),Senior Military Fellows (Recent/Current),
Col Gabe S. Arrington,CENTER FOR A NEW AMERICAN SECURITY (CNAS),Senior Military Fellows (Recent/Current),
Lt Col Kaveri T. Crum,CENTER FOR A NEW AMERICAN SECURITY (CNAS),Senior Military Fellows (Recent/Current),
Brandon J. Archuleta,CENTER FOR A NEW AMERICAN SECURITY (CNAS),Next Generation Fellows & Emerging Voices,
Dr. Jonathan Brewer,CENTER FOR A NEW AMERICAN SECURITY (CNAS),Next Generation Fellows & Emerging Voices,
Dr. John Burke,CENTER FOR A NEW AMERICAN SECURITY (CNAS),Next Generation Fellows & Emerging Voices,
Josh Campbell,CENTER FOR A NEW AMERICAN SECURITY (CNAS),Next Generation Fellows & Emerging Voices,
Pablo Chavez,CENTER FOR A NEW AMERICAN SECURITY (CNAS),Next Generation Fellows & Emerging Voices,
Yaya J. Fanusie,CENTER FOR A NEW AMERICAN SECURITY (CNAS),Next Generation Fellows & Emerging Voices,
Dr. Erik Lin-Greenberg,CENTER FOR A NEW AMERICAN SECURITY (CNAS),Next Generation Fellows & Emerging Voices,
Dr. Jeannette Gaudry Haynie,CENTER FOR A NEW AMERICAN SECURITY (CNAS),Next Generation Fellows & Emerging Voices,
Dr. Jennifer McArdle,CENTER FOR A NEW AMERICAN SECURITY (CNAS),Next Generation Fellows & Emerging Voices,
Dr. ED McGrady,CENTER FOR A NEW AMERICAN SECURITY (CNAS),Next Generation Fellows & Emerging Voices,
W. Jonathan Rue,CENTER FOR A NEW AMERICAN SECURITY (CNAS),Next Generation Fellows & Emerging Voices,
Constanza M. Vidal Bustamante,CENTER FOR A NEW AMERICAN SECURITY (CNAS),Next Generation Fellows & Emerging Voices,
Alex Zerden,CENTER FOR A NEW AMERICAN SECURITY (CNAS),Next Generation Fellows & Emerging Voices,
Rush Doshi,COUNCIL ON FOREIGN RELATIONS (CFR),China & Asia,
Sue Mi Terry,COUNCIL ON FOREIGN RELATIONS (CFR),China & Asia,
Shuxian Luo,COUNCIL ON FOREIGN RELATIONS (CFR),China & Asia,
Simon Handler,ATLANTIC COUNCIL,Cyber Statecraft Initiative,
Emma Schroeder,ATLANTIC COUNCIL,Cyber Statecraft Initiative,
Justin Sherman,ATLANTIC COUNCIL,Cyber Statecraft Initiative,
Bobbie Stempfley,ATLANTIC COUNCIL,Cyber Statecraft Initiative,
Kenton Thibaut,ATLANTIC COUNCIL,Global China Hub & Indo-Pacific,
Sarah Kirchberger,ATLANTIC COUNCIL,Global China Hub & Indo-Pacific,
AI Policy Research Residents (China focus),RAND CORPORATION,National Security Research Division (NSRD),
Technology and Security Policy Center (TASP) researchers,RAND CORPORATION,National Security Research Division (NSRD),
Mariano-Florentino Cuéllar,CARNEGIE ENDOWMENT FOR INTERNATIONAL PEACE,Leadership,
Christopher S. Chivvis,CARNEGIE ENDOWMENT FOR INTERNATIONAL PEACE,China & Asia,
M. Taylor Fravel,CARNEGIE ENDOWMENT FOR INTERNATIONAL PEACE,China & Asia,
James M. Acton,CARNEGIE ENDOWMENT FOR INTERNATIONAL PEACE,China & Asia,
Ashley J. Tellis,CARNEGIE ENDOWMENT FOR INTERNATIONAL PEACE,China & Asia,
C. Fred Bergsten,CARNEGIE ENDOWMENT FOR INTERNATIONAL PEACE,Economic Policy,
Rosa Balfour,CARNEGIE ENDOWMENT FOR INTERNATIONAL PEACE,Europe,
Adam S. Posen,PETERSON INSTITUTE FOR INTERNATIONAL ECONOMICS (PIIE),Leadership,
Mary E. Lovely,PETERSON INSTITUTE FOR INTERNATIONAL ECONOMICS (PIIE),China & Asia,
Nicholas R. Lardy,PETERSON INSTITUTE FOR INTERNATIONAL ECONOMICS (PIIE),China & Asia,
Martin Chorzempa,PETERSON INSTITUTE FOR INTERNATIONAL ECONOMICS (PIIE),China & Asia,
Tianlei Huang,PETERSON INSTITUTE FOR INTERNATIONAL ECONOMICS (PIIE),China & Asia,
Chad P. Bown,PETERSON INSTITUTE FOR INTERNATIONAL ECONOMICS (PIIE),China & Asia,
Yeling Tan,PETERSON INSTITUTE FOR INTERNATIONAL ECONOMICS (PIIE),China & Asia,
C. Fred Bergsten,PETERSON INSTITUTE FOR INTERNATIONAL ECONOMICS (PIIE),Trade & International Economics,
Jeffrey J. Schott,PETERSON INSTITUTE FOR INTERNATIONAL ECONOMICS (PIIE),Trade & International Economics,
Robert Z. Lawrence,PETERSON INSTITUTE FOR INTERNATIONAL ECONOMICS (PIIE),Trade & International Economics,
Douglas A. Irwin,PETERSON INSTITUTE FOR INTERNATIONAL ECONOMICS (PIIE),Trade & International Economics,
Caroline Freund,PETERSON INSTITUTE FOR INTERNATIONAL ECONOMICS (PIIE),Trade & International Economics,
Joseph E. Gagnon,PETERSON INSTITUTE FOR INTERNATIONAL ECONOMICS (PIIE),International Finance & Macroeconomics,
David Wilcox,PETERSON INSTITUTE FOR INTERNATIONAL ECONOMICS (PIIE),International Finance & Macroeconomics,
Maurice Obstfeld,PETERSON INSTITUTE FOR INTERNATIONAL ECONOMICS (PIIE),International Finance & Macroeconomics,
Anna Gelpern,PETERSON INSTITUTE FOR INTERNATIONAL ECONOMICS (PIIE),International Finance & Macroeconomics,
Karen Dynan,PETERSON INSTITUTE FOR INTERNATIONAL ECONOMICS (PIIE),International Finance & Macroeconomics,
Patrick Honohan,PETERSON INSTITUTE FOR INTERNATIONAL ECONOMICS (PIIE),International Finance & Macroeconomics,
Jacob Funk Kirkegaard,PETERSON INSTITUTE FOR INTERNATIONAL ECONOMICS (PIIE),Europe & Global Economy,
Nicolas Véron,PETERSON INSTITUTE FOR INTERNATIONAL ECONOMICS (PIIE),Europe & Global Economy,
Elina Ribakova,PETERSON INSTITUTE FOR INTERNATIONAL ECONOMICS (PIIE),Europe & Global Economy,
Warwick J. McKibbin,PETERSON INSTITUTE FOR INTERNATIONAL ECONOMICS (PIIE),Other Senior Fellows,
Arvind Subramanian,PETERSON INSTITUTE FOR INTERNATIONAL ECONOMICS (PIIE),Other Senior Fellows,
Katheryn (Kadee) Russ,PETERSON INSTITUTE FOR INTERNATIONAL ECONOMICS (PIIE),Other Senior Fellows,
Kimberly A. Clausing,PETERSON INSTITUTE FOR INTERNATIONAL ECONOMICS (PIIE),Other Senior Fellows,
Bonnie S. Glaser,GERMAN MARSHALL FUND OF THE UNITED STATES (GMF),Indo-Pacific Program & China,
Andrew Small,GERMAN MARSHALL FUND OF THE UNITED STATES (GMF),Indo-Pacific Program & China,
Garima Mohan,GERMAN MARSHALL FUND OF THE UNITED STATES (GMF),Indo-Pacific Program & China,
Lindsay Gorman,GERMAN MARSHALL FUND OF THE UNITED STATES (GMF),Technology & National Security,
Heather A. Conley,GERMAN MARSHALL FUND OF THE UNITED STATES (GMF),Other Key Staff (Partial List - requires additional research for complete listing),
Karen Kornbluh,GERMAN MARSHALL FUND OF THE UNITED STATES (GMF),Other Key Staff (Partial List - requires additional research for complete listing),
Ian Lesser,GERMAN MARSHALL FUND OF THE UNITED STATES (GMF),Other Key Staff (Partial List - requires additional research for complete listing),
Bruce Stokes,GERMAN MARSHALL FUND OF THE UNITED STATES (GMF),Other Key Staff (Partial List - requires additional research for complete listing),
Mareike Ohlberg,GERMAN MARSHALL FUND OF THE UNITED STATES (GMF),Other Key Staff (Partial List - requires additional research for complete listing),
Jeremy Mark,GERMAN MARSHALL FUND OF THE UNITED STATES (GMF),Other Key Staff (Partial List - requires additional research for complete listing),
Robert Daly,WILSON CENTER (WOODROW WILSON INTERNATIONAL CENTER FOR SCHOLARS),Leadership & Permanent Staff,
Rui Zhong,WILSON CENTER (WOODROW WILSON INTERNATIONAL CENTER FOR SCHOLARS),Leadership & Permanent Staff,
Michael Kugelman,WILSON CENTER (WOODROW WILSON INTERNATIONAL CENTER FOR SCHOLARS),Leadership & Permanent Staff,
Jean Lee,WILSON CENTER (WOODROW WILSON INTERNATIONAL CENTER FOR SCHOLARS),Leadership & Permanent Staff,
Shihoko Goto,WILSON CENTER (WOODROW WILSON INTERNATIONAL CENTER FOR SCHOLARS),Leadership & Permanent Staff,
Mary Ratliff,WILSON CENTER (WOODROW WILSON INTERNATIONAL CENTER FOR SCHOLARS),Leadership & Permanent Staff,
Robert S. Litwak,WILSON CENTER (WOODROW WILSON INTERNATIONAL CENTER FOR SCHOLARS),Leadership & Permanent Staff,
Monde Muyangwa,WILSON CENTER (WOODROW WILSON INTERNATIONAL CENTER FOR SCHOLARS),Leadership & Permanent Staff,
Cynthia Arnson,WILSON CENTER (WOODROW WILSON INTERNATIONAL CENTER FOR SCHOLARS),Leadership & Permanent Staff,
Benjamin Gedan,WILSON CENTER (WOODROW WILSON INTERNATIONAL CENTER FOR SCHOLARS),Leadership & Permanent Staff,
Duncan Wood,WILSON CENTER (WOODROW WILSON INTERNATIONAL CENTER FOR SCHOLARS),Leadership & Permanent Staff,
Paulo Sotero,WILSON CENTER (WOODROW WILSON INTERNATIONAL CENTER FOR SCHOLARS),Leadership & Permanent Staff,
Rush Doshi (2020-21),WILSON CENTER (WOODROW WILSON INTERNATIONAL CENTER FOR SCHOLARS),Wilson China Fellows (Recent Cohorts - Policy-Oriented Academic Researchers),
Julian Gewirtz (2020-21),WILSON CENTER (WOODROW WILSON INTERNATIONAL CENTER FOR SCHOLARS),Wilson China Fellows (Recent Cohorts - Policy-Oriented Academic Researchers),
Sheena Chestnut Greitens (2020-21),WILSON CENTER (WOODROW WILSON INTERNATIONAL CENTER FOR SCHOLARS),Wilson China Fellows (Recent Cohorts - Policy-Oriented Academic Researchers),
Isaac Kardon (2020-21),WILSON CENTER (WOODROW WILSON INTERNATIONAL CENTER FOR SCHOLARS),Wilson China Fellows (Recent Cohorts - Policy-Oriented Academic Researchers),
Oriana Skylar Mastro (2020-21),WILSON CENTER (WOODROW WILSON INTERNATIONAL CENTER FOR SCHOLARS),Wilson China Fellows (Recent Cohorts - Policy-Oriented Academic Researchers),
Shuxian Luo (2023-24),WILSON CENTER (WOODROW WILSON INTERNATIONAL CENTER FOR SCHOLARS),Wilson China Fellows (Recent Cohorts - Policy-Oriented Academic Researchers),
Plus 70+ additional Wilson China Fellows from 2020-2025 across US universities,WILSON CENTER (WOODROW WILSON INTERNATIONAL CENTER FOR SCHOLARS),Wilson China Fellows (Recent Cohorts - Policy-Oriented Academic Researchers),
Dr. Kimberly Kagan,INSTITUTE FOR THE STUDY OF WAR (ISW),Leadership,
Frederick W. Kagan,INSTITUTE FOR THE STUDY OF WAR (ISW),Leadership,
Brian Babcock-Lumish,INSTITUTE FOR THE STUDY OF WAR (ISW),Leadership,
"General Jack Keane (US Army, Ret.)",INSTITUTE FOR THE STUDY OF WAR (ISW),Board of Directors,
General David Petraeus,INSTITUTE FOR THE STUDY OF WAR (ISW),Board of Directors,
Ambassador Kelly Craft,INSTITUTE FOR THE STUDY OF WAR (ISW),Board of Directors,
Dr. William Kristol,INSTITUTE FOR THE STUDY OF WAR (ISW),Board of Directors,
Senator Joseph I. Lieberman,INSTITUTE FOR THE STUDY OF WAR (ISW),Board of Directors,
Kevin Mandia,INSTITUTE FOR THE STUDY OF WAR (ISW),Board of Directors,
"Jack D. McCarthy, Jr.",INSTITUTE FOR THE STUDY OF WAR (ISW),Board of Directors,
Bruce Mosler,INSTITUTE FOR THE STUDY OF WAR (ISW),Board of Directors,
Warren Phillips,INSTITUTE FOR THE STUDY OF WAR (ISW),Board of Directors,
William Roberti,INSTITUTE FOR THE STUDY OF WAR (ISW),Board of Directors,
James Gilmore III,INSTITUTE FOR THE STUDY OF WAR (ISW),Board of Directors,
Jennifer London,INSTITUTE FOR THE STUDY OF WAR (ISW),Board of Directors,
Mason Clark,INSTITUTE FOR THE STUDY OF WAR (ISW),Research Staff (Partial List),
Karolina Hird,INSTITUTE FOR THE STUDY OF WAR (ISW),Research Staff (Partial List),
Nataliya Bugayova,INSTITUTE FOR THE STUDY OF WAR (ISW),Research Staff (Partial List),
Kateryna Stepanenko,INSTITUTE FOR THE STUDY OF WAR (ISW),Research Staff (Partial List),
George Barros,INSTITUTE FOR THE STUDY OF WAR (ISW),Research Staff (Partial List),
Grace Mappes,INSTITUTE FOR THE STUDY OF WAR (ISW),Research Staff (Partial List),
Jessica Lewis,INSTITUTE FOR THE STUDY OF WAR (ISW),Research Staff (Partial List),
Clifford D. May,FOUNDATION FOR DEFENSE OF DEMOCRACIES (FDD),Leadership,
Matthew Pottinger,FOUNDATION FOR DEFENSE OF DEMOCRACIES (FDD),China Program,
Craig Singleton,FOUNDATION FOR DEFENSE OF DEMOCRACIES (FDD),China Program,
Grace Drexel,FOUNDATION FOR DEFENSE OF DEMOCRACIES (FDD),China Program,
Bradley Bowman,FOUNDATION FOR DEFENSE OF DEMOCRACIES (FDD),Center on Military and Political Power (CMPP),
Samantha Ravich,FOUNDATION FOR DEFENSE OF DEMOCRACIES (FDD),Center on Cyber and Technology Innovation (CCTI),
Behnam Ben Taleblu,FOUNDATION FOR DEFENSE OF DEMOCRACIES (FDD),Iran & Middle East Program,
Reuel Marc Gerecht,FOUNDATION FOR DEFENSE OF DEMOCRACIES (FDD),Iran & Middle East Program,
Jonathan Schanzer,FOUNDATION FOR DEFENSE OF DEMOCRACIES (FDD),Iran & Middle East Program,
David Daoud,FOUNDATION FOR DEFENSE OF DEMOCRACIES (FDD),Iran & Middle East Program,
Mariam Wahba,FOUNDATION FOR DEFENSE OF DEMOCRACIES (FDD),Iran & Middle East Program,
Juan C. Zarate,FOUNDATION FOR DEFENSE OF DEMOCRACIES (FDD),Center on Economic and Financial Power (CEFP),
Elaine K. Dezenski,FOUNDATION FOR DEFENSE OF DEMOCRACIES (FDD),Center on Economic and Financial Power (CEFP),
Josh Birenbaum,FOUNDATION FOR DEFENSE OF DEMOCRACIES (FDD),Center on Economic and Financial Power (CEFP),
David May,FOUNDATION FOR DEFENSE OF DEMOCRACIES (FDD),Other Key Staff,
Leah Siskind,FOUNDATION FOR DEFENSE OF DEMOCRACIES (FDD),Other Key Staff,
Jason Jay Smart,FOUNDATION FOR DEFENSE OF DEMOCRACIES (FDD),Other Key Staff,
Ivana Stradner,FOUNDATION FOR DEFENSE OF DEMOCRACIES (FDD),Other Key Staff,
Jonathan Hessen,FOUNDATION FOR DEFENSE OF DEMOCRACIES (FDD),Other Key Staff,
Anne-Marie Slaughter,NEW AMERICA,Leadership,
Peter Bergen,NEW AMERICA,Leadership,
Cecilia Muñoz,NEW AMERICA,Senior Staff,
Kevin Carey,NEW AMERICA,Senior Staff,
Sascha Meinrath,NEW AMERICA,International Security & Technology Programs,
Shane Harris,NEW AMERICA,International Security & Technology Programs,
Peter W. Singer,NEW AMERICA,International Security & Technology Programs,
Jonathan Cowan,THIRD WAY,Leadership,
Matt Bennett,THIRD WAY,Leadership,
Jim Kessler,THIRD WAY,Leadership,
Mieke Eoyang,THIRD WAY,National Security (Former - Note: Mieke Eoyang now at DoD),
Patrick Gaspard,CENTER FOR AMERICAN PROGRESS (CAP),Leadership,
Damian Murphy,CENTER FOR AMERICAN PROGRESS (CAP),National Security and International Policy,
Allison McManus,CENTER FOR AMERICAN PROGRESS (CAP),National Security and International Policy,
Andrew Miller,CENTER FOR AMERICAN PROGRESS (CAP),National Security and International Policy,
Robert Benson,CENTER FOR AMERICAN PROGRESS (CAP),National Security and International Policy,
Dan Herman,CENTER FOR AMERICAN PROGRESS (CAP),National Security and International Policy,
H.A. Hellyer,CENTER FOR AMERICAN PROGRESS (CAP),National Security and International Policy,
Johan Hassel,CENTER FOR AMERICAN PROGRESS (CAP),National Security and International Policy,
Dave Rank,CENTER FOR AMERICAN PROGRESS (CAP),National Security and International Policy,
Elisa Massimino,CENTER FOR AMERICAN PROGRESS (CAP),National Security and International Policy,
Alan Makovsky,CENTER FOR AMERICAN PROGRESS (CAP),National Security and International Policy,
Melanie Hart,CENTER FOR AMERICAN PROGRESS (CAP),China & Asia Policy (Former),
Brian Katulis,CENTER FOR AMERICAN PROGRESS (CAP),China & Asia Policy (Former),
Glen S. Fukushima,CENTER FOR AMERICAN PROGRESS (CAP),China & Asia Policy (Former),
Rudy deLeon,CENTER FOR AMERICAN PROGRESS (CAP),Defense & Security,
Frank Kendall,CENTER FOR AMERICAN PROGRESS (CAP),Defense & Security,
Steven Kosiak,CENTER FOR AMERICAN PROGRESS (CAP),Defense & Security,
Emily Gee,CENTER FOR AMERICAN PROGRESS (CAP),Economic Policy & Trade,
Lily Roberts,CENTER FOR AMERICAN PROGRESS (CAP),Economic Policy & Trade,
Ryan Mulholland,CENTER FOR AMERICAN PROGRESS (CAP),Economic Policy & Trade,
Natalie Baker,CENTER FOR AMERICAN PROGRESS (CAP),Economic Policy & Trade,
Kyle Ross,CENTER FOR AMERICAN PROGRESS (CAP),Economic Policy & Trade,
Sara Estep,CENTER FOR AMERICAN PROGRESS (CAP),Economic Policy & Trade,
Chad Maisel,CENTER FOR AMERICAN PROGRESS (CAP),Economic Policy & Trade,
Michael Negron,CENTER FOR AMERICAN PROGRESS (CAP),Economic Policy & Trade,
Jared Bernstein,CENTER FOR AMERICAN PROGRESS (CAP),Additional Senior Fellows,
Daniel Benaim,CENTER FOR AMERICAN PROGRESS (CAP),Additional Senior Fellows,
Max Bergmann,CENTER FOR AMERICAN PROGRESS (CAP),Additional Senior Fellows,
Drew McConville,CENTER FOR AMERICAN PROGRESS (CAP),Additional Senior Fellows,
Dan Restrepo,CENTER FOR AMERICAN PROGRESS (CAP),Additional Senior Fellows,
Andrew Bacevich,QUINCY INSTITUTE FOR RESPONSIBLE STATECRAFT,Leadership,
Lora Lumpe,QUINCY INSTITUTE FOR RESPONSIBLE STATECRAFT,Leadership,
Stephen B. Heintz,QUINCY INSTITUTE FOR RESPONSIBLE STATECRAFT,Leadership,
Anatol Lieven,QUINCY INSTITUTE FOR RESPONSIBLE STATECRAFT,Eurasia Program,
Mark Episkopos,QUINCY INSTITUTE FOR RESPONSIBLE STATECRAFT,Eurasia Program,
Artin DerSimonian,QUINCY INSTITUTE FOR RESPONSIBLE STATECRAFT,Eurasia Program,
Michael D. Swaine,QUINCY INSTITUTE FOR RESPONSIBLE STATECRAFT,East Asia Program,
James Park,QUINCY INSTITUTE FOR RESPONSIBLE STATECRAFT,East Asia Program,
Khaled Elgindy,QUINCY INSTITUTE FOR RESPONSIBLE STATECRAFT,Middle East Program,
Annelle Sheline,QUINCY INSTITUTE FOR RESPONSIBLE STATECRAFT,Middle East Program,
Adam Weinstein,QUINCY INSTITUTE FOR RESPONSIBLE STATECRAFT,Middle East Program,
Steven Simon,QUINCY INSTITUTE FOR RESPONSIBLE STATECRAFT,Middle East Program,
Sarang Shidore,QUINCY INSTITUTE FOR RESPONSIBLE STATECRAFT,Global South Program,
Dan M. Ford,QUINCY INSTITUTE FOR RESPONSIBLE STATECRAFT,Global South Program,
Lee Schlenker,QUINCY INSTITUTE FOR RESPONSIBLE STATECRAFT,Global South Program,
Ben Freeman,QUINCY INSTITUTE FOR RESPONSIBLE STATECRAFT,Democratizing Foreign Policy,
Dr. Zachary Paikin,QUINCY INSTITUTE FOR RESPONSIBLE STATECRAFT,Grand Strategy Program,
Trita Parsi,QUINCY INSTITUTE FOR RESPONSIBLE STATECRAFT,Senior Staff & Advisors,
William D. Hartung,QUINCY INSTITUTE FOR RESPONSIBLE STATECRAFT,Senior Staff & Advisors,
Eli Clifton,QUINCY INSTITUTE FOR RESPONSIBLE STATECRAFT,Senior Staff & Advisors,
Kelley Beaucar Vlahos,QUINCY INSTITUTE FOR RESPONSIBLE STATECRAFT,Senior Staff & Advisors,
Brian Finlay,STIMSON CENTER,Leadership,
"Herbert ""Hawk"" Carlisle",STIMSON CENTER,Leadership,
Julian Mueller-Kaler,STIMSON CENTER,Senior Leadership,
Justine Sullivan,STIMSON CENTER,Senior Leadership,
Vibha Bhatia,STIMSON CENTER,Senior Leadership,
Hafed Al Ghwell,STIMSON CENTER,Regional & Thematic Programs,
Emma Ashford,STIMSON CENTER,Regional & Thematic Programs,
Lana Bleik,STIMSON CENTER,Regional & Thematic Programs,
Mathew Burrows,STIMSON CENTER,Regional & Thematic Programs,
Brian Eyler,STIMSON CENTER,Regional & Thematic Programs,
Benjamin N. Gedan,STIMSON CENTER,Regional & Thematic Programs,
Dan Grazier,STIMSON CENTER,Regional & Thematic Programs,
Kelly A. Grieco,STIMSON CENTER,Regional & Thematic Programs,
Carolyn Gruber,STIMSON CENTER,Regional & Thematic Programs,
Andrew Hyde,STIMSON CENTER,Regional & Thematic Programs,
Akriti (Vasudeva) Kalyankar,STIMSON CENTER,Regional & Thematic Programs,
Pamela Kennedy,STIMSON CENTER,Regional & Thematic Programs,
James Kim,STIMSON CENTER,Regional & Thematic Programs,
Rachel Minyoung Lee,STIMSON CENTER,Regional & Thematic Programs,
James Borton,STIMSON CENTER,Nonresident Fellows,
Mallory Stewart,STIMSON CENTER,Nonresident Fellows,
Michael Krepon,STIMSON CENTER,South Asia Program (Historical Focus),
Roy Kamphausen,NATIONAL BUREAU OF ASIAN RESEARCH (NBR),Leadership,
Michael Wills,NATIONAL BUREAU OF ASIAN RESEARCH (NBR),Leadership,
Roy Kamphausen,NATIONAL BUREAU OF ASIAN RESEARCH (NBR),Key Staff & Fellows,
Bates Gill,NATIONAL BUREAU OF ASIAN RESEARCH (NBR),Key Staff & Fellows,
Nadège Rolland,NATIONAL BUREAU OF ASIAN RESEARCH (NBR),Key Staff & Fellows,
Alison Szalwinski,NATIONAL BUREAU OF ASIAN RESEARCH (NBR),Key Staff & Fellows,
Strategic Asia Program,NATIONAL BUREAU OF ASIAN RESEARCH (NBR),Programs,
Political and Security Affairs (PSA),NATIONAL BUREAU OF ASIAN RESEARCH (NBR),Programs,
"Trade, Economic, and Energy Affairs (TEEA)",NATIONAL BUREAU OF ASIAN RESEARCH (NBR),Programs,
Center for Health and Aging,NATIONAL BUREAU OF ASIAN RESEARCH (NBR),Programs,
John M. Shalikashvili Chair in National Security Studies,NATIONAL BUREAU OF ASIAN RESEARCH (NBR),Programs,
Nobukatsu Kanehara,NATIONAL BUREAU OF ASIAN RESEARCH (NBR),Board of Directors (Partial List),
Ryo Kubota,NATIONAL BUREAU OF ASIAN RESEARCH (NBR),Board of Directors (Partial List),
Rear Adm. (ret) Huan Nguyen,NATIONAL BUREAU OF ASIAN RESEARCH (NBR),Board of Directors (Partial List),
Long Nguyen,NATIONAL BUREAU OF ASIAN RESEARCH (NBR),Board of Directors (Partial List),
Ambassador Ho John Ahn,NATIONAL BUREAU OF ASIAN RESEARCH (NBR),Board of Directors (Partial List),
Cynthia A. Watson,NATIONAL BUREAU OF ASIAN RESEARCH (NBR),Board of Directors (Partial List),
Joseph E. Tofalo,NATIONAL BUREAU OF ASIAN RESEARCH (NBR),Board of Directors (Partial List),
Charles W. Hooper,NATIONAL BUREAU OF ASIAN RESEARCH (NBR),Board of Directors (Partial List),
Kevin Rudd AC,ASIA SOCIETY POLICY INSTITUTE (ASPI),Leadership,
Debra Eisenman,ASIA SOCIETY POLICY INSTITUTE (ASPI),Leadership,
Wendy Cutler,ASIA SOCIETY POLICY INSTITUTE (ASPI),"Washington, D.C. Office",
Jing Qian,ASIA SOCIETY POLICY INSTITUTE (ASPI),Center for China Analysis,
Daniel Russel,ASIA SOCIETY POLICY INSTITUTE (ASPI),Distinguished Fellows,
Todd Stern,ASIA SOCIETY POLICY INSTITUTE (ASPI),Distinguished Fellows,
Dame Meg Taylor,ASIA SOCIETY POLICY INSTITUTE (ASPI),Distinguished Fellows,
Wang Jisi,ASIA SOCIETY POLICY INSTITUTE (ASPI),Distinguished Fellows,
"Director of Political-Security Affairs and Deputy Director, Washington, D.C.",ASIA SOCIETY POLICY INSTITUTE (ASPI),Other Key Staff,
Lizzi C. Lee,ASIA SOCIETY POLICY INSTITUTE (ASPI),Other Key Staff,
Faye Simanjuntak,ASIA SOCIETY POLICY INSTITUTE (ASPI),Other Key Staff,
Bryanna Entwistle,ASIA SOCIETY POLICY INSTITUTE (ASPI),Other Key Staff,
Shay Wester,ASIA SOCIETY POLICY INSTITUTE (ASPI),Other Key Staff,
Thomas G. Mahnken,CENTER FOR STRATEGIC AND BUDGETARY ASSESSMENTS (CSBA),Leadership,
Travis Sharp,CENTER FOR STRATEGIC AND BUDGETARY ASSESSMENTS (CSBA),Key Staff,
Casey Nicastro,CENTER FOR STRATEGIC AND BUDGETARY ASSESSMENTS (CSBA),Key Staff,
Evan B. Montgomery,CENTER FOR STRATEGIC AND BUDGETARY ASSESSMENTS (CSBA),Key Staff,
David A. Cooper,CENTER FOR STRATEGIC AND BUDGETARY ASSESSMENTS (CSBA),Key Staff,
Katherine E. Dahlstrand,CENTER FOR STRATEGIC AND BUDGETARY ASSESSMENTS (CSBA),Key Staff,
Thane C. Clare,CENTER FOR STRATEGIC AND BUDGETARY ASSESSMENTS (CSBA),Key Staff,
Eric S. Edelman,CENTER FOR STRATEGIC AND BUDGETARY ASSESSMENTS (CSBA),Distinguished Fellows & Board,
Robert O. Work,CENTER FOR STRATEGIC AND BUDGETARY ASSESSMENTS (CSBA),Distinguished Fellows & Board,
Bryan Clark,CENTER FOR STRATEGIC AND BUDGETARY ASSESSMENTS (CSBA),Former Key Personnel,
Michael G. Vickers,CENTER FOR STRATEGIC AND BUDGETARY ASSESSMENTS (CSBA),Former Key Personnel,
"Lt Gen David A. Deptula, USAF (Ret.)",MITCHELL INSTITUTE FOR AEROSPACE STUDIES,Leadership,
Douglas A. Birkey,MITCHELL INSTITUTE FOR AEROSPACE STUDIES,Leadership,
"Brig. Gen. Houston ""Slider"" Cantwell, USAF (Ret.)",MITCHELL INSTITUTE FOR AEROSPACE STUDIES,Senior Resident Fellows,
"Heather ""Lucky"" Penney",MITCHELL INSTITUTE FOR AEROSPACE STUDIES,Senior Resident Fellows,
"Gen Kevin P. Chilton, USAF (Ret.)",MITCHELL INSTITUTE FOR AEROSPACE STUDIES,Spacepower Advantage Center of Excellence (MI-SPACE),
Charles Galbreath,MITCHELL INSTITUTE FOR AEROSPACE STUDIES,Spacepower Advantage Center of Excellence (MI-SPACE),
"Col Charles Galbreath, USSF (Ret.)",MITCHELL INSTITUTE FOR AEROSPACE STUDIES,Spacepower Advantage Center of Excellence (MI-SPACE),
"Maj Gen Larry Stutzriem, USAF (Ret.)",MITCHELL INSTITUTE FOR AEROSPACE STUDIES,Spacepower Advantage Center of Excellence (MI-SPACE),
Aidan Poling,MITCHELL INSTITUTE FOR AEROSPACE STUDIES,Research Staff,
Christopher B,MITCHELL INSTITUTE FOR AEROSPACE STUDIES,Research Staff,
John Venable,MITCHELL INSTITUTE FOR AEROSPACE STUDIES,Research Staff,
Mark Gunzinger,MITCHELL INSTITUTE FOR AEROSPACE STUDIES,Research Staff,
Kamilla Gunzinger,MITCHELL INSTITUTE FOR AEROSPACE STUDIES,Research Staff,
Shane Thin,MITCHELL INSTITUTE FOR AEROSPACE STUDIES,Research Staff,
CNAS: 100+ full-time and adjunct staff,COMPLETION STATUS & NOTES,**Scope Summary by Think Tank:**,
CAP: 85+ policy staff,COMPLETION STATUS & NOTES,**Scope Summary by Think Tank:**,
Brookings: 50+ China/national security staff,COMPLETION STATUS & NOTES,**Scope Summary by Think Tank:**,
PIIE: 50+ economists,COMPLETION STATUS & NOTES,**Scope Summary by Think Tank:**,
Hudson Institute: 40+ senior fellows,COMPLETION STATUS & NOTES,**Scope Summary by Think Tank:**,
"**China Policy**: CSIS, Brookings, AEI, Heritage, Hudson, CNAS, CFR, Peterson, GMF, Wilson Center, FDD, NBR, ASPI",COMPLETION STATUS & NOTES,**Scope Summary by Think Tank:**,
**National Security & Defense**: All 24 institutions,COMPLETION STATUS & NOTES,**Scope Summary by Think Tank:**,
"**Trade & Economics**: Peterson, CAP, PIIE, Asia Society, GMF, Brookings",COMPLETION STATUS & NOTES,**Scope Summary by Think Tank:**,
"**Technology & Cyber**: Atlantic Council, GMF, CNAS, FDD, Third Way (former)",COMPLETION STATUS & NOTES,**Scope Summary by Think Tank:**,
"**Middle East**: ISW, FDD, CAP, Hudson, Quincy Institute, Stimson",COMPLETION STATUS & NOTES,**Scope Summary by Think Tank:**,
"**Europe & Transatlantic**: GMF, CNAS, Atlantic Council, Quincy Institute",COMPLETION STATUS & NOTES,**Scope Summary by Think Tank:**,
"**Nuclear & WMD**: Stimson, RAND, Carnegie, Brookings",COMPLETION STATUS & NOTES,**Scope Summary by Think Tank:**,
"**Aerospace & Air Power**: Mitchell Institute, CSBA",COMPLETION STATUS & NOTES,**Scope Summary by Think Tank:**,
"**Restraint/Realism**: Quincy Institute, Stimson Center",COMPLETION STATUS & NOTES,**Scope Summary by Think Tank:**,
Direct web searches of institutional websites,COMPLETION STATUS & NOTES,**Methodology**,
Staff directory pages and web fetching,COMPLETION STATUS & NOTES,**Methodology**,
Program-specific researcher listings,COMPLETION STATUS & NOTES,**Methodology**,
Recent publications and Congressional testimony,COMPLETION STATUS & NOTES,**Methodology**,
Media appearances and expert profiles,COMPLETION STATUS & NOTES,**Methodology**,
Board and advisory council listings,COMPLETION STATUS & NOTES,**Methodology**,
LinkedIn and professional networks,COMPLETION STATUS & NOTES,**Methodology**,
**Geographic Focus**: All institutions DC-based or have major DC presence,COMPLETION STATUS & NOTES,**Database Characteristics:**,
"**Political Spectrum**: Ranges from progressive (CAP) to conservative (Heritage, AEI) to non-partisan (CSIS, RAND, Brookings) to restraint-focused (Quincy)",COMPLETION STATUS & NOTES,**Database Characteristics:**,
"**Research Approach**: Mix of traditional think tanks and ""action tanks""",COMPLETION STATUS & NOTES,**Database Characteristics:**,
"**Funding Models**: Foundation-funded, corporate-funded, government contracts, individual donors",COMPLETION STATUS & NOTES,**Database Characteristics:**,
Contact information gathering and outreach,COMPLETION STATUS & NOTES,**Usage Applications:**,
Publication history and citation analysis,COMPLETION STATUS & NOTES,**Usage Applications:**,
Policy position mapping and tracking,COMPLETION STATUS & NOTES,**Usage Applications:**,
Network analysis and relationship mapping,COMPLETION STATUS & NOTES,**Usage Applications:**,
Expertise categorization by topic area,COMPLETION STATUS & NOTES,**Usage Applications:**,
Congressional testimony tracking,COMPLETION STATUS & NOTES,**Usage Applications:**,
Media appearance monitoring,COMPLETION STATUS & NOTES,**Usage Applications:**,
Career trajectory analysis,COMPLETION STATUS & NOTES,**Usage Applications:**,
Collaboration and co-authorship patterns,COMPLETION STATUS & NOTES,**Usage Applications:**,
Policy influence assessment,COMPLETION STATUS & NOTES,**Usage Applications:**,
Adjunct/nonresident fellows may not all be captured,COMPLETION STATUS & NOTES,**Notable Gaps & Limitations:**,
Staff turnover means some listings may be dated,COMPLETION STATUS & NOTES,**Notable Gaps & Limitations:**,
"Government transitions (e.g., Mieke Eoyang to DoD) create gaps",COMPLETION STATUS & NOTES,**Notable Gaps & Limitations:**,
Quarterly updates recommended for accuracy,COMPLETION STATUS & NOTES,**Recommendations for Maintenance:**,
Track staff movements to/from government,COMPLETION STATUS & NOTES,**Recommendations for Maintenance:**,
Monitor new program launches and fellows,COMPLETION STATUS & NOTES,**Recommendations for Maintenance:**,
Update with Congressional testimony appearances,COMPLETION STATUS & NOTES,**Recommendations for Maintenance:**,
Cross-reference with published work,COMPLETION STATUS & NOTES,**Recommendations for Maintenance:**,
